no,id,snp,Age,Gender,EverDepression,EverAnxiety,EverSubstance,highrisk
1,5302,S-A/L-A,19.4715948,1,0,0,0,0
2,5305,L-A/L-A,20.55304586,0,0,0,0,0
3,5306,S-A/L-A,22.41204654,0,0,0,0,0
4,5506,S-A/L-A,19.63586585,0,1,0,0,0
5,5515,S-A/L-A,52.98836413,1,0,0,0,0
6,5518,L-A/L-A,23.39219713,0,0,1,0,0
7,5649,L-G/L-A,17.13347023,1,0,0,0,0
8,5754,L-A/L-A,19.12936345,1,0,0,0,1
9,5755,S-A/L-A,45.33607118,0,1,1,1,1
10,5771,S-A/L-G,27.24982888,1,1,1,0,0
11,5825,S-A/L-A,53.84531143,0,1,1,1,1
12,5843,S-A/L-A,46.35455168,0,1,1,0,1
13,5844,S-A/L-A,25.22108145,0,0,1,1,1
14,5900,S-A/L-A,39.99178645,1,1,1,1,1
15,5902,S-A/L-A,19.72073922,1,0,0,0,1
16,5953,S-A/L-A,49.94387406,0,0,1,0,1
17,5955,S-A/L-A,26.16016427,0,0,1,0,1
18,5977,S-A/L-A,49.75770021,1,1,0,1,0
19,6010,L-A/L-A,24.07665982,1,0,1,0,1
20,6028,L-G/L-A,40.77481177,0,1,1,0,1
21,6033,S-G/L-A,22.98973306,0,1,0,1,0
22,6034,S-G/L-A,21.7303217,1,0,0,1,0
23,6035,.,19.93976728,1,0,1,0,0
24,6040,S-G/L-A,17.33607118,1,0,1,0,0
25,6045,L-A/L-A,36.33127995,0,1,1,1,1
26,6057,S-A/L-A,26.0862423,0,1,0,1,0
27,6060,L-A/L-A,30.15195072,0,0,1,0,0
28,6102,S-A/L-A,49.55509925,0,1,0,0,1
29,6105,S-A/S-A,21.29500342,0,1,1,0,1
30,6138,.,42.56536619,0,0,1,0,0
31,6149,S-A/L-G,22.63107461,1,1,1,0,0
32,6163,L-A/L-A,15.05270363,0,0,1,0,1
33,6165,L-G/L-A,46.02327173,1,1,1,1,1
34,6167,S-A/L-A,19.86036961,0,1,1,1,1
35,6199,L-A/L-A,27.09650924,1,0,1,1,1
36,6226,S-A/L-A,45.81245722,0,1,1,0,1
37,6227,L-A/L-A,15.06091718,0,1,0,0,1
38,6229,L-A/L-A,21.49486653,1,1,1,1,1
39,6291,S-A/L-A,51.77549624,0,1,1,0,1
40,6347,S-A/L-A,57.82614648,0,0,1,0,1
41,6348,L-A/L-A,49.18333333,0,0,1,0,1
42,6503,S-A/L-A,47.93155373,0,0,0,0,1
43,6512,S-A/L-A,31.73990418,0,0,1,1,1
44,6613,S-A/L-A,28.77207392,1,1,0,0,0
45,6712,S-A/L-A,51.99178645,0,1,1,0,1
46,6731,L-G/L-A,15.68514716,1,0,0,0,1
47,6732,S-A/L-A,45.5742642,1,1,1,0,1
48,6741,L-A/L-A,17.3798768,0,0,0,0,1
49,6802,L-A/L-A,53.02669405,1,0,0,0,1
50,6908,S-A/S-A,35.87132101,1,1,1,0,1
51,6955,S-A/L-A,16.64065708,1,1,1,0,0
52,6958,S-A/L-A,18.2532512,0,0,1,0,0
53,6964,L-A/L-A,51.90417522,0,0,1,0,0
54,6965,L-A/L-A,26.72142368,1,0,0,0,0
55,6983,L-A/L-A,48.62422998,1,0,1,0,0
56,7106,S-A/S-A,31.36481862,0,1,1,0,1
57,7108,S-A/S-A,28.57221081,0,0,1,0,1
58,7152,L-A/L-A,59.11019849,0,1,0,0,1
59,7163,S-A/S-A,41.9301848,1,1,1,1,1
60,7168,S-A/L-A,13.87268994,1,0,0,0,1
61,7170,S-A/L-A,16.72826831,1,1,1,0,1
62,7206,L-A/L-A,19.21423682,0,0,0,0,1
63,7207,S-A/L-A,16.97193703,0,1,1,0,1
64,7229,S-A/L-A,22.96235455,0,0,0,0,0
65,7230,L-A/L-A,24.79945243,0,0,1,1,0
66,7286,L-A/L-A,15.43326489,1,0,0,0,0
67,7287,S-A/L-A,18.23134839,1,0,1,0,0
68,7290,S-A/L-A,46.90485969,0,0,1,0,0
69,7293,L-A/L-A,11.99178645,0,0,0,0,0
70,7321,S-A/L-A,18.30253251,1,0,1,0,0
71,7341,L-A/L-A,26.11635866,0,0,1,0,0
72,7366,L-A/L-A,19.96167009,0,0,0,0,0
73,7367,S-A/L-A,16.51471595,1,0,0,0,0
74,7368,S-A/L-A,53.20465435,0,1,0,1,0
75,7516,L-A/L-A,57.36666667,1,1,1,1,1
76,7690,L-A/L-A,44,1,1,1,0,0
77,7802,.,55.53611111,0,1,0,0,1
78,7803,S-A/L-A,31.43600274,0,1,1,1,1
79,7895,L-A/L-A,51.6,0,0,0,0,0
80,7953,S-A/L-A,40.66388889,0,1,0,1,0
81,7954,S-A/L-A,17.75496235,1,0,0,0,1
82,8155,S-A/L-A,34.44444,1,0,0,1,0
83,8231,L-A/L-A,21.94167,1,0,1,0,0
84,10398,.,31.77776267,0,0,0,0,0
85,10524,S-A/S-A,42.375,1,1,1,0,1
86,10536,S-A/L-A,35.45833333,0,1,0,1,1
87,10547,S-A/L-A,32.14444444,0,0,1,0,0
88,10563,L-A/L-A,23.76388889,0,0,0,0,0
89,10566,S-A/L-A,49.43333333,0,1,1,1,0
90,10606,S-A/L-A,53.45277778,1,0,0,1,0
91,10620,L-G/L-A,17.56944444,1,0,0,0,1
92,10621,L-A/L-A,50.55277778,1,0,0,1,1
93,10667,L-G/L-A,32.36463547,0,1,0,0,1